<?xml version="1.0" encoding="UTF-8"?>
<!DOCTYPE mapper PUBLIC "-//mybatis.org//DTD Mapper 3.0//EN" "http://mybatis.org/dtd/mybatis-3-mapper.dtd">
<mapper namespace="com.scut.mall.test.AddressMapper">
  <resultMap id="BaseResultMap" type="com.scut.mall.test.Address">
    <!--
      WARNING - @mbggenerated
      This element is automatically generated by MyBatis Generator, do not modify.
      This element was generated on Sun Mar 08 18:37:02 CST 2020.
    -->
    <result column="addressID" jdbcType="INTEGER" property="addressid" />
    <result column="userId" jdbcType="INTEGER" property="userid" />
    <result column="province" jdbcType="VARCHAR" property="province" />
    <result column="city" jdbcType="VARCHAR" property="city" />
    <result column="county" jdbcType="VARCHAR" property="county" />
    <result column="detailAddr" jdbcType="VARCHAR" property="detailaddr" />
    <result column="conName" jdbcType="VARCHAR" property="conname" />
    <result column="conTel" jdbcType="VARCHAR" property="contel" />
  </resultMap>
  <sql id="Example_Where_Clause">
    <!--
      WARNING - @mbggenerated
      This element is automatically generated by MyBatis Generator, do not modify.
      This element was generated on Sun Mar 08 18:37:02 CST 2020.
    -->
    <where>
      <foreach collection="oredCriteria" item="criteria" separator="or">
        <if test="criteria.valid">
          <trim prefix="(" prefixOverrides="and" suffix=")">
            <foreach collection="criteria.criteria" item="criterion">
              <choose>
                <when test="criterion.noValue">
                  and ${criterion.condition}
                </when>
                <when test="criterion.singleValue">
                  and ${criterion.condition} #{criterion.value}
                </when>
                <when test="criterion.betweenValue">
                  and ${criterion.condition} #{criterion.value} and #{criterion.secondValue}
                </when>
                <when test="criterion.listValue">
                  and ${criterion.condition}
                  <foreach close=")" collection="criterion.value" item="listItem" open="(" separator=",">
                    #{listItem}
                  </foreach>
                </when>
              </choose>
            </foreach>
          </trim>
        </if>
      </foreach>
    </where>
  </sql>
  <insert id="insert" parameterType="com.scut.mall.test.Address">
    <!--
      WARNING - @mbggenerated
      This element is automatically generated by MyBatis Generator, do not modify.
      This element was generated on Sun Mar 08 18:37:02 CST 2020.
    -->
    insert into address (addressID, userId, province, 
      city, county, detailAddr, 
      conName, conTel)
    values (#{addressid,jdbcType=INTEGER}, #{userid,jdbcType=INTEGER}, #{province,jdbcType=VARCHAR}, 
      #{city,jdbcType=VARCHAR}, #{county,jdbcType=VARCHAR}, #{detailaddr,jdbcType=VARCHAR}, 
      #{conname,jdbcType=VARCHAR}, #{contel,jdbcType=VARCHAR})
  </insert>
  <insert id="insertSelective" parameterType="com.scut.mall.test.Address">
    <!--
      WARNING - @mbggenerated
      This element is automatically generated by MyBatis Generator, do not modify.
      This element was generated on Sun Mar 08 18:37:02 CST 2020.
    -->
    insert into address
    <trim prefix="(" suffix=")" suffixOverrides=",">
      <if test="addressid != null">
        addressID,
      </if>
      <if test="userid != null">
        userId,
      </if>
      <if test="province != null">
        province,
      </if>
      <if test="city != null">
        city,
      </if>
      <if test="county != null">
        county,
      </if>
      <if test="detailaddr != null">
        detailAddr,
      </if>
      <if test="conname != null">
        conName,
      </if>
      <if test="contel != null">
        conTel,
      </if>
    </trim>
    <trim prefix="values (" suffix=")" suffixOverrides=",">
      <if test="addressid != null">
        #{addressid,jdbcType=INTEGER},
      </if>
      <if test="userid != null">
        #{userid,jdbcType=INTEGER},
      </if>
      <if test="province != null">
        #{province,jdbcType=VARCHAR},
      </if>
      <if test="city != null">
        #{city,jdbcType=VARCHAR},
      </if>
      <if test="county != null">
        #{county,jdbcType=VARCHAR},
      </if>
      <if test="detailaddr != null">
        #{detailaddr,jdbcType=VARCHAR},
      </if>
      <if test="conname != null">
        #{conname,jdbcType=VARCHAR},
      </if>
      <if test="contel != null">
        #{contel,jdbcType=VARCHAR},
      </if>
    </trim>
  </insert>
  <select id="countByExample" parameterType="com.scut.mall.test.AddressExample" resultType="java.lang.Integer">
    <!--
      WARNING - @mbggenerated
      This element is automatically generated by MyBatis Generator, do not modify.
      This element was generated on Sun Mar 08 18:37:02 CST 2020.
    -->
    select count(*) from address
    <if test="_parameter != null">
      <include refid="Example_Where_Clause" />
    </if>
  </select>
</mapper>