<?xml version="1.0" encoding="UTF-8"?>
<!DOCTYPE mapper PUBLIC "-//mybatis.org//DTD Mapper 3.0//EN" "http://mybatis.org/dtd/mybatis-3-mapper.dtd">
<mapper namespace="com.scut.mall.test.OrderMapper">
  <resultMap id="BaseResultMap" type="com.scut.mall.test.Order">
    <!--
      WARNING - @mbggenerated
      This element is automatically generated by MyBatis Generator, do not modify.
      This element was generated on Sun Mar 08 18:37:02 CST 2020.
    -->
    <result column="id" jdbcType="INTEGER" property="id" />
    <result column="addr" jdbcType="VARCHAR" property="addr" />
    <result column="name" jdbcType="VARCHAR" property="name" />
    <result column="order_time" jdbcType="TIMESTAMP" property="orderTime" />
    <result column="phone" jdbcType="VARCHAR" property="phone" />
    <result column="state" jdbcType="INTEGER" property="state" />
    <result column="total" jdbcType="DOUBLE" property="total" />
    <result column="user_id" jdbcType="INTEGER" property="userId" />
  </resultMap>
  <sql id="Example_Where_Clause">
    <!--
      WARNING - @mbggenerated
      This element is automatically generated by MyBatis Generator, do not modify.
      This element was generated on Sun Mar 08 18:37:02 CST 2020.
    -->
    <where>
      <foreach collection="oredCriteria" item="criteria" separator="or">
        <if test="criteria.valid">
          <trim prefix="(" prefixOverrides="and" suffix=")">
            <foreach collection="criteria.criteria" item="criterion">
              <choose>
                <when test="criterion.noValue">
                  and ${criterion.condition}
                </when>
                <when test="criterion.singleValue">
                  and ${criterion.condition} #{criterion.value}
                </when>
                <when test="criterion.betweenValue">
                  and ${criterion.condition} #{criterion.value} and #{criterion.secondValue}
                </when>
                <when test="criterion.listValue">
                  and ${criterion.condition}
                  <foreach close=")" collection="criterion.value" item="listItem" open="(" separator=",">
                    #{listItem}
                  </foreach>
                </when>
              </choose>
            </foreach>
          </trim>
        </if>
      </foreach>
    </where>
  </sql>
  <insert id="insert" parameterType="com.scut.mall.test.Order">
    <!--
      WARNING - @mbggenerated
      This element is automatically generated by MyBatis Generator, do not modify.
      This element was generated on Sun Mar 08 18:37:02 CST 2020.
    -->
    insert into order (id, addr, name, 
      order_time, phone, state, 
      total, user_id)
    values (#{id,jdbcType=INTEGER}, #{addr,jdbcType=VARCHAR}, #{name,jdbcType=VARCHAR}, 
      #{orderTime,jdbcType=TIMESTAMP}, #{phone,jdbcType=VARCHAR}, #{state,jdbcType=INTEGER}, 
      #{total,jdbcType=DOUBLE}, #{userId,jdbcType=INTEGER})
  </insert>
  <insert id="insertSelective" parameterType="com.scut.mall.test.Order">
    <!--
      WARNING - @mbggenerated
      This element is automatically generated by MyBatis Generator, do not modify.
      This element was generated on Sun Mar 08 18:37:02 CST 2020.
    -->
    insert into order
    <trim prefix="(" suffix=")" suffixOverrides=",">
      <if test="id != null">
        id,
      </if>
      <if test="addr != null">
        addr,
      </if>
      <if test="name != null">
        name,
      </if>
      <if test="orderTime != null">
        order_time,
      </if>
      <if test="phone != null">
        phone,
      </if>
      <if test="state != null">
        state,
      </if>
      <if test="total != null">
        total,
      </if>
      <if test="userId != null">
        user_id,
      </if>
    </trim>
    <trim prefix="values (" suffix=")" suffixOverrides=",">
      <if test="id != null">
        #{id,jdbcType=INTEGER},
      </if>
      <if test="addr != null">
        #{addr,jdbcType=VARCHAR},
      </if>
      <if test="name != null">
        #{name,jdbcType=VARCHAR},
      </if>
      <if test="orderTime != null">
        #{orderTime,jdbcType=TIMESTAMP},
      </if>
      <if test="phone != null">
        #{phone,jdbcType=VARCHAR},
      </if>
      <if test="state != null">
        #{state,jdbcType=INTEGER},
      </if>
      <if test="total != null">
        #{total,jdbcType=DOUBLE},
      </if>
      <if test="userId != null">
        #{userId,jdbcType=INTEGER},
      </if>
    </trim>
  </insert>
  <select id="countByExample" parameterType="com.scut.mall.test.OrderExample" resultType="java.lang.Integer">
    <!--
      WARNING - @mbggenerated
      This element is automatically generated by MyBatis Generator, do not modify.
      This element was generated on Sun Mar 08 18:37:02 CST 2020.
    -->
    select count(*) from order
    <if test="_parameter != null">
      <include refid="Example_Where_Clause" />
    </if>
  </select>
</mapper>