<?xml version="1.0" encoding="UTF-8"?>
<!DOCTYPE mapper PUBLIC "-//mybatis.org//DTD Mapper 3.0//EN" "http://mybatis.org/dtd/mybatis-3-mapper.dtd">
<mapper namespace="com.scut.mall.test.ProductMapper">
  <resultMap id="BaseResultMap" type="com.scut.mall.test.Product">
    <!--
      WARNING - @mbggenerated
      This element is automatically generated by MyBatis Generator, do not modify.
      This element was generated on Sun Mar 08 18:37:02 CST 2020.
    -->
    <result column="id" jdbcType="INTEGER" property="id" />
    <result column="csid" jdbcType="INTEGER" property="csid" />
    <result column="desc" jdbcType="VARCHAR" property="desc" />
    <result column="image" jdbcType="VARCHAR" property="image" />
    <result column="is_hot" jdbcType="INTEGER" property="isHot" />
    <result column="market_price" jdbcType="DOUBLE" property="marketPrice" />
    <result column="pdate" jdbcType="TIMESTAMP" property="pdate" />
    <result column="shop_price" jdbcType="BIGINT" property="shopPrice" />
    <result column="title" jdbcType="VARCHAR" property="title" />
  </resultMap>
  <sql id="Example_Where_Clause">
    <!--
      WARNING - @mbggenerated
      This element is automatically generated by MyBatis Generator, do not modify.
      This element was generated on Sun Mar 08 18:37:02 CST 2020.
    -->
    <where>
      <foreach collection="oredCriteria" item="criteria" separator="or">
        <if test="criteria.valid">
          <trim prefix="(" prefixOverrides="and" suffix=")">
            <foreach collection="criteria.criteria" item="criterion">
              <choose>
                <when test="criterion.noValue">
                  and ${criterion.condition}
                </when>
                <when test="criterion.singleValue">
                  and ${criterion.condition} #{criterion.value}
                </when>
                <when test="criterion.betweenValue">
                  and ${criterion.condition} #{criterion.value} and #{criterion.secondValue}
                </when>
                <when test="criterion.listValue">
                  and ${criterion.condition}
                  <foreach close=")" collection="criterion.value" item="listItem" open="(" separator=",">
                    #{listItem}
                  </foreach>
                </when>
              </choose>
            </foreach>
          </trim>
        </if>
      </foreach>
    </where>
  </sql>
  <insert id="insert" parameterType="com.scut.mall.test.Product">
    <!--
      WARNING - @mbggenerated
      This element is automatically generated by MyBatis Generator, do not modify.
      This element was generated on Sun Mar 08 18:37:02 CST 2020.
    -->
    insert into product (id, csid, desc, 
      image, is_hot, market_price, 
      pdate, shop_price, title
      )
    values (#{id,jdbcType=INTEGER}, #{csid,jdbcType=INTEGER}, #{desc,jdbcType=VARCHAR}, 
      #{image,jdbcType=VARCHAR}, #{isHot,jdbcType=INTEGER}, #{marketPrice,jdbcType=DOUBLE}, 
      #{pdate,jdbcType=TIMESTAMP}, #{shopPrice,jdbcType=BIGINT}, #{title,jdbcType=VARCHAR}
      )
  </insert>
  <insert id="insertSelective" parameterType="com.scut.mall.test.Product">
    <!--
      WARNING - @mbggenerated
      This element is automatically generated by MyBatis Generator, do not modify.
      This element was generated on Sun Mar 08 18:37:02 CST 2020.
    -->
    insert into product
    <trim prefix="(" suffix=")" suffixOverrides=",">
      <if test="id != null">
        id,
      </if>
      <if test="csid != null">
        csid,
      </if>
      <if test="desc != null">
        desc,
      </if>
      <if test="image != null">
        image,
      </if>
      <if test="isHot != null">
        is_hot,
      </if>
      <if test="marketPrice != null">
        market_price,
      </if>
      <if test="pdate != null">
        pdate,
      </if>
      <if test="shopPrice != null">
        shop_price,
      </if>
      <if test="title != null">
        title,
      </if>
    </trim>
    <trim prefix="values (" suffix=")" suffixOverrides=",">
      <if test="id != null">
        #{id,jdbcType=INTEGER},
      </if>
      <if test="csid != null">
        #{csid,jdbcType=INTEGER},
      </if>
      <if test="desc != null">
        #{desc,jdbcType=VARCHAR},
      </if>
      <if test="image != null">
        #{image,jdbcType=VARCHAR},
      </if>
      <if test="isHot != null">
        #{isHot,jdbcType=INTEGER},
      </if>
      <if test="marketPrice != null">
        #{marketPrice,jdbcType=DOUBLE},
      </if>
      <if test="pdate != null">
        #{pdate,jdbcType=TIMESTAMP},
      </if>
      <if test="shopPrice != null">
        #{shopPrice,jdbcType=BIGINT},
      </if>
      <if test="title != null">
        #{title,jdbcType=VARCHAR},
      </if>
    </trim>
  </insert>
  <select id="countByExample" parameterType="com.scut.mall.test.ProductExample" resultType="java.lang.Integer">
    <!--
      WARNING - @mbggenerated
      This element is automatically generated by MyBatis Generator, do not modify.
      This element was generated on Sun Mar 08 18:37:02 CST 2020.
    -->
    select count(*) from product
    <if test="_parameter != null">
      <include refid="Example_Where_Clause" />
    </if>
  </select>
</mapper>