<?xml version="1.0" encoding="UTF-8"?>
<!DOCTYPE mapper PUBLIC "-//mybatis.org//DTD Mapper 3.0//EN" "http://mybatis.org/dtd/mybatis-3-mapper.dtd">
<mapper namespace="com.scut.mall.test.UserMapper">
  <resultMap id="BaseResultMap" type="com.scut.mall.test.User">
    <!--
      WARNING - @mbggenerated
      This element is automatically generated by MyBatis Generator, do not modify.
      This element was generated on Sun Mar 08 18:37:02 CST 2020.
    -->
    <result column="user_id" jdbcType="INTEGER" property="userId" />
    <result column="username" jdbcType="VARCHAR" property="username" />
    <result column="nickname" jdbcType="VARCHAR" property="nickname" />
    <result column="password" jdbcType="VARCHAR" property="password" />
    <result column="gender" jdbcType="CHAR" property="gender" />
    <result column="email" jdbcType="VARCHAR" property="email" />
    <result column="phone" jdbcType="VARCHAR" property="phone" />
    <result column="zip_code" jdbcType="VARCHAR" property="zipCode" />
    <result column="location" jdbcType="VARCHAR" property="location" />
    <result column="detail_address" jdbcType="VARCHAR" property="detailAddress" />
    <result column="identity" jdbcType="VARCHAR" property="identity" />
    <result column="active" jdbcType="CHAR" property="active" />
    <result column="code" jdbcType="VARCHAR" property="code" />
    <result column="updated" jdbcType="TIMESTAMP" property="updated" />
    <result column="created" jdbcType="TIMESTAMP" property="created" />
  </resultMap>
  <sql id="Example_Where_Clause">
    <!--
      WARNING - @mbggenerated
      This element is automatically generated by MyBatis Generator, do not modify.
      This element was generated on Sun Mar 08 18:37:02 CST 2020.
    -->
    <where>
      <foreach collection="oredCriteria" item="criteria" separator="or">
        <if test="criteria.valid">
          <trim prefix="(" prefixOverrides="and" suffix=")">
            <foreach collection="criteria.criteria" item="criterion">
              <choose>
                <when test="criterion.noValue">
                  and ${criterion.condition}
                </when>
                <when test="criterion.singleValue">
                  and ${criterion.condition} #{criterion.value}
                </when>
                <when test="criterion.betweenValue">
                  and ${criterion.condition} #{criterion.value} and #{criterion.secondValue}
                </when>
                <when test="criterion.listValue">
                  and ${criterion.condition}
                  <foreach close=")" collection="criterion.value" item="listItem" open="(" separator=",">
                    #{listItem}
                  </foreach>
                </when>
              </choose>
            </foreach>
          </trim>
        </if>
      </foreach>
    </where>
  </sql>
  <insert id="insert" parameterType="com.scut.mall.test.User">
    <!--
      WARNING - @mbggenerated
      This element is automatically generated by MyBatis Generator, do not modify.
      This element was generated on Sun Mar 08 18:37:02 CST 2020.
    -->
    insert into user (user_id, username, nickname, 
      password, gender, email, 
      phone, zip_code, location, 
      detail_address, identity, active, 
      code, updated, created
      )
    values (#{userId,jdbcType=INTEGER}, #{username,jdbcType=VARCHAR}, #{nickname,jdbcType=VARCHAR}, 
      #{password,jdbcType=VARCHAR}, #{gender,jdbcType=CHAR}, #{email,jdbcType=VARCHAR}, 
      #{phone,jdbcType=VARCHAR}, #{zipCode,jdbcType=VARCHAR}, #{location,jdbcType=VARCHAR}, 
      #{detailAddress,jdbcType=VARCHAR}, #{identity,jdbcType=VARCHAR}, #{active,jdbcType=CHAR}, 
      #{code,jdbcType=VARCHAR}, #{updated,jdbcType=TIMESTAMP}, #{created,jdbcType=TIMESTAMP}
      )
  </insert>
  <insert id="insertSelective" parameterType="com.scut.mall.test.User">
    <!--
      WARNING - @mbggenerated
      This element is automatically generated by MyBatis Generator, do not modify.
      This element was generated on Sun Mar 08 18:37:02 CST 2020.
    -->
    insert into user
    <trim prefix="(" suffix=")" suffixOverrides=",">
      <if test="userId != null">
        user_id,
      </if>
      <if test="username != null">
        username,
      </if>
      <if test="nickname != null">
        nickname,
      </if>
      <if test="password != null">
        password,
      </if>
      <if test="gender != null">
        gender,
      </if>
      <if test="email != null">
        email,
      </if>
      <if test="phone != null">
        phone,
      </if>
      <if test="zipCode != null">
        zip_code,
      </if>
      <if test="location != null">
        location,
      </if>
      <if test="detailAddress != null">
        detail_address,
      </if>
      <if test="identity != null">
        identity,
      </if>
      <if test="active != null">
        active,
      </if>
      <if test="code != null">
        code,
      </if>
      <if test="updated != null">
        updated,
      </if>
      <if test="created != null">
        created,
      </if>
    </trim>
    <trim prefix="values (" suffix=")" suffixOverrides=",">
      <if test="userId != null">
        #{userId,jdbcType=INTEGER},
      </if>
      <if test="username != null">
        #{username,jdbcType=VARCHAR},
      </if>
      <if test="nickname != null">
        #{nickname,jdbcType=VARCHAR},
      </if>
      <if test="password != null">
        #{password,jdbcType=VARCHAR},
      </if>
      <if test="gender != null">
        #{gender,jdbcType=CHAR},
      </if>
      <if test="email != null">
        #{email,jdbcType=VARCHAR},
      </if>
      <if test="phone != null">
        #{phone,jdbcType=VARCHAR},
      </if>
      <if test="zipCode != null">
        #{zipCode,jdbcType=VARCHAR},
      </if>
      <if test="location != null">
        #{location,jdbcType=VARCHAR},
      </if>
      <if test="detailAddress != null">
        #{detailAddress,jdbcType=VARCHAR},
      </if>
      <if test="identity != null">
        #{identity,jdbcType=VARCHAR},
      </if>
      <if test="active != null">
        #{active,jdbcType=CHAR},
      </if>
      <if test="code != null">
        #{code,jdbcType=VARCHAR},
      </if>
      <if test="updated != null">
        #{updated,jdbcType=TIMESTAMP},
      </if>
      <if test="created != null">
        #{created,jdbcType=TIMESTAMP},
      </if>
    </trim>
  </insert>
  <select id="countByExample" parameterType="com.scut.mall.test.UserExample" resultType="java.lang.Integer">
    <!--
      WARNING - @mbggenerated
      This element is automatically generated by MyBatis Generator, do not modify.
      This element was generated on Sun Mar 08 18:37:02 CST 2020.
    -->
    select count(*) from user
    <if test="_parameter != null">
      <include refid="Example_Where_Clause" />
    </if>
  </select>
</mapper>